{
      "df": {},
      "1": {
            "Parameters": {
                  "Tree": [
                        "friedman_mse best auto"
                  ],
                  "SVR": [
                        "linear"
                  ],
                  "RF": [
                        "auto"
                  ],
                  "ANN": [
                        3
                  ]
            },
            "MSE": {
                  "Tree": {
                        "EE_TP": [
                              0.9539843097417913,
                              1.0660494371845897
                        ],
                        "EC_TP": [
                              1.7878411332581332,
                              1.9955195467985516
                        ],
                        "Costo_TP": [
                              0.9539843097417907,
                              1.066049437184589
                        ]
                  },
                  "SVR": {
                        "EE_TP": [
                              0.48854168207252924,
                              0.5562265389867125
                        ],
                        "EC_TP": [
                              0.9602781150948855,
                              1.0332453300324562
                        ],
                        "Costo_TP": [
                              0.48854168207229354,
                              0.5562265389892241
                        ]
                  },
                  "RF": {
                        "EE_TP": [
                              0.5535849558215183,
                              0.6199439284178251
                        ],
                        "EC_TP": [
                              1.1049660242695207,
                              1.2319044105445651
                        ],
                        "Costo_TP": [
                              0.5535849558215181,
                              0.6199439284178249
                        ]
                  },
                  "ANN": {
                        "EE_TP": [
                              0.6221946397563791,
                              0.7110835662039559
                        ],
                        "EC_TP": [
                              1.586196117946627,
                              1.7380743400712098
                        ],
                        "Costo_TP": [
                              0.6221946397563789,
                              0.7110835662039556
                        ]
                  }
            }
      },
      "2": {
            "Parameters": {
                  "Tree": [
                        "friedman_mse best auto"
                  ],
                  "SVR": [
                        "linear"
                  ],
                  "RF": [
                        "auto"
                  ],
                  "ANN": [
                        3
                  ]
            },
            "MSE": {
                  "Tree": {
                        "EE_TP": [
                              0.9613249033534503,
                              1.1096641751382161
                        ],
                        "EC_TP": [
                              1.5131879640815906,
                              1.8761041383906514
                        ],
                        "Costo_TP": [
                              0.96132490335345,
                              1.109664175138216
                        ]
                  },
                  "SVR": {
                        "EE_TP": [
                              0.46389801772725203,
                              0.5988461073670834
                        ],
                        "EC_TP": [
                              0.8006838394156779,
                              0.9397799049147946
                        ],
                        "Costo_TP": [
                              0.4638980177272525,
                              0.5988461073670832
                        ]
                  },
                  "RF": {
                        "EE_TP": [
                              0.5866333455174619,
                              0.696811936790247
                        ],
                        "EC_TP": [
                              0.9829736609909774,
                              1.0993716732153698
                        ],
                        "Costo_TP": [
                              0.5866333455174619,
                              0.6968119367902468
                        ]
                  },
                  "ANN": {
                        "EE_TP": [
                              0.6321682497457808,
                              0.8359052065392545
                        ],
                        "EC_TP": [
                              1.695981536410809,
                              1.8931298100882967
                        ],
                        "Costo_TP": [
                              0.6321682497457803,
                              0.8359052065392538
                        ]
                  }
            }
      },
      "3": {
            "Parameters": {
                  "Tree": [
                        "friedman_mse best auto"
                  ],
                  "SVR": [
                        "linear"
                  ],
                  "RF": [
                        "auto"
                  ],
                  "ANN": [
                        3
                  ]
            },
            "MSE": {
                  "Tree": {
                        "EE_TP": [
                              0.7285934157037133,
                              1.1450346450781008
                        ],
                        "EC_TP": [
                              1.2319734100532445,
                              2.458939926580652
                        ],
                        "Costo_TP": [
                              0.7285934157037128,
                              1.1450346450781002
                        ]
                  },
                  "SVR": {
                        "EE_TP": [
                              0.3741539270029378,
                              0.8107840638408689
                        ],
                        "EC_TP": [
                              0.9395962981278642,
                              1.3597593007372388
                        ],
                        "Costo_TP": [
                              0.3741539270029375,
                              0.8107840638408685
                        ]
                  },
                  "RF": {
                        "EE_TP": [
                              0.47536782288153,
                              0.7036881812733139
                        ],
                        "EC_TP": [
                              0.9436666949523788,
                              1.5870483354066294
                        ],
                        "Costo_TP": [
                              0.4753678228815298,
                              0.7036881812733135
                        ]
                  },
                  "ANN": {
                        "EE_TP": [
                              0.4976982832073559,
                              0.9641625799150894
                        ],
                        "EC_TP": [
                              1.5074044751849347,
                              2.0146525773739152
                        ],
                        "Costo_TP": [
                              0.4976982832073554,
                              0.9641625799150888
                        ]
                  }
            }
      },
      "4": {
            "Parameters": {
                  "Tree": [
                        "friedman_mse best auto"
                  ],
                  "SVR": [
                        "linear"
                  ],
                  "RF": [
                        "auto"
                  ],