{
      "df": {},
      "1": {
            "Parameters": {
                  "Tree": [
                        "friedman_mse best auto"
                  ],
                  "SVR": [
                        "linear"
                  ],
                  "RF": [
                        "auto"
                  ],
                  "ANN": [
                        3
                  ]
            },
            "MSE": {
                  "Tree": {
                        "EE_TP": [
                              0.9916807496809215,
                              1.1097408057253166
                        ],
                        "EC_TP": [
                              1.8191768308408913,
                              2.0378461255629805
                        ],
                        "Costo_TP": [
                              0.9916807496809212,
                              1.1097408057253164
                        ]
                  },
                  "SVR": {
                        "EE_TP": [
                              0.4962125135907768,
                              0.5333855698532585
                        ],
                        "EC_TP": [
                              0.925209932346431,
                              1.0226742485116396
                        ],
                        "Costo_TP": [
                              0.4962125135930522,
                              0.5333855698546388
                        ]
                  },
                  "RF": {
                        "EE_TP": [
                              0.5676674856183385,
                              0.6187171120548968
                        ],
                        "EC_TP": [
                              1.0873585664660408,
                              1.2188150947652794
                        ],
                        "Costo_TP": [
                              0.567667485618338,
                              0.6187171120548963
                        ]
                  },
                  "ANN": {
                        "EE_TP": [
                              0.6242894259656213,
                              0.6804192928506436
                        ],
                        "EC_TP": [
                              1.538346188747686,
                              1.776374598193067
                        ],
                        "Costo_TP": [
                              0.624289425965621,
                              0.6804192928506433
                        ]
                  }
            }
      },
      "2": {
            "Parameters": {
                  "Tree": [
                        "friedman_mse best auto"
                  ],
                  "SVR": [
                        "linear"
                  ],
                  "RF": [
                        "auto"
                  ],
                  "ANN": [
                        3
                  ]
            },
            "MSE": {
                  "Tree": {
                        "EE_TP": [
                              0.9957437648368314,
                              1.2092979091066822
                        ],
                        "EC_TP": [
                              1.3748490413779653,
                              1.8250960138621144
                        ],
                        "Costo_TP": [
                              0.9957437648368312,
                              1.2092979091066822
                        ]
                  },
                  "SVR": {
                        "EE_TP": [
                              0.47309497454290295,
                              0.6529189746067385
                        ],
                        "EC_TP": [
                              0.8374681091040123,
                              0.9269201168691027
                        ],
                        "Costo_TP": [
                              0.4730949745428932,
                              0.6529189746067281
                        ]
                  },
                  "RF": {
                        "EE_TP": [
                              0.5957400765524125,
                              0.7812476913851661
                        ],
                        "EC_TP": [
                              0.966867355459585,
                              1.1133521696916033
                        ],
                        "Costo_TP": [
                              0.5957400765524122,
                              0.7812476913851659
                        ]
                  },
                  "ANN": {
                        "EE_TP": [
                              0.609730972870514,
                              0.8475044188387264
                        ],
                        "EC_TP": [
                              1.5683900393680235,
                              1.862370556161606
                        ],
                        "Costo_TP": [
                              0.6097309728705136,
                              0.847504418838726
                        ]
                  }
            }
      },
      "3": {
            "Parameters": {
                  "Tree": [
                        "friedman_mse best auto"
                  ],
                  "SVR": [
                        "linear"
                  ],
                  "RF": [
                        "auto"
                  ],
                  "ANN": [
                        3
                  ]
            },
            "MSE": {
                  "Tree": {
                        "EE_TP": [
                              0.6110692092709528,
                              1.004655801887398
                        ],
                        "EC_TP": [
                              0.7541899356794393,
                              2.0163903993862533
                        ],
                        "Costo_TP": [
                              0.6110692092709522,
                              1.0046558018873972
                        ]
                  },
                  "SVR": {
                        "EE_TP": [
                              0.31920399778231767,
                              0.7211151418018072
                        ],
                        "EC_TP": [
                              0.559199768207611,
                              1.0853160888555462
                        ],
                        "Costo_TP": [
                              0.31920399778231756,
                              0.7211151418018067
                        ]
                  },
                  "RF": {
                        "EE_TP": [
                              0.4206507419723272,
                              0.7996094947102049
                        ],
                        "EC_TP": [
                              0.7489782275879502,
                              1.3238845966580424
                        ],
                        "Costo_TP": [
                              0.4206507419723271,
                              0.7996094947102046
                        ]
                  },
                  "ANN": {
                        "EE_TP": [
                              0.5258484665674217,
                              0.9245658448863892
                        ],
                        "EC_TP": [
                              1.0703529695829594,
                              1.703094573957109
                        ],
                        "Costo_TP": [
                              0.5258484665674215,
                              0.9245658448863887
                        ]
                  }
            }
      },
      "4": {
            "Parameters": {
                  "Tree": [
                        "friedman_mse best auto"
                  ],
                  "SVR": [
                        "linear"
                  ],
                  "RF": [
                        "auto"
                  ],